{"cameraMode":{"drawMode":0,"name":"Shaded","section":"Shading Mode"},"sceneLighting":false,"audioPlay":false,"sceneViewState":{"m_AlwaysRefresh":false,"showFog":true,"showSkybox":false,"showFlares":true,"showImageEffects":true,"showParticleSystems":true,"showVisualEffectGraphs":true,"m_FxEnabled":true},"in2DMode":false,"pivot":{"x":-0.8370574712753296,"y":1.3726930618286133,"z":-3.376969337463379},"rotation":{"x":0.028409872204065324,"y":-0.5667784810066223,"z":0.019561627879738809,"w":0.8231477737426758},"size":0.4569326639175415,"orthographic":false}