{"cameraMode":{"drawMode":0,"name":"Shaded","section":"Shading Mode"},"sceneLighting":false,"audioPlay":false,"sceneViewState":{"m_AlwaysRefresh":false,"showFog":true,"showSkybox":false,"showFlares":true,"showImageEffects":true,"showParticleSystems":true,"showVisualEffectGraphs":true,"m_FxEnabled":true},"in2DMode":false,"pivot":{"x":-16.913265228271486,"y":1.4278573989868165,"z":6.843182563781738},"rotation":{"x":0.028409872204065324,"y":-0.5667784810066223,"z":0.019561627879738809,"w":0.8231477737426758},"size":12.44915771484375,"orthographic":false}