{"cameraMode":{"drawMode":0,"name":"Shaded","section":"Shading Mode"},"sceneLighting":false,"audioPlay":false,"sceneViewState":{"m_AlwaysRefresh":false,"showFog":true,"showSkybox":false,"showFlares":true,"showImageEffects":true,"showParticleSystems":true,"showVisualEffectGraphs":true,"m_FxEnabled":true},"in2DMode":false,"pivot":{"x":-1.5700000524520875,"y":1.2300000190734864,"z":66.30000305175781},"rotation":{"x":0.31265872716903689,"y":0.007123907096683979,"z":-0.0023449850268661978,"w":0.9498361349105835},"size":1.2247449159622193,"orthographic":false}