{"cameraMode":{"drawMode":0,"name":"Shaded","section":"Shading Mode"},"sceneLighting":false,"audioPlay":false,"sceneViewState":{"m_AlwaysRefresh":false,"showFog":true,"showSkybox":false,"showFlares":true,"showImageEffects":true,"showParticleSystems":true,"showVisualEffectGraphs":true,"m_FxEnabled":true},"in2DMode":false,"pivot":{"x":-2.5749807357788088,"y":1.3500001430511475,"z":43.344032287597659},"rotation":{"x":-0.2551415264606476,"y":0.18199454247951508,"z":-0.048959869891405109,"w":-0.9483665823936462},"size":1.8995822668075562,"orthographic":false}