{"cameraMode":{"drawMode":0,"name":"Shaded","section":"Shading Mode"},"sceneLighting":true,"audioPlay":false,"sceneViewState":{"m_AlwaysRefresh":false,"showFog":true,"showSkybox":true,"showFlares":true,"showImageEffects":true,"showParticleSystems":true,"showVisualEffectGraphs":true,"m_FxEnabled":true},"in2DMode":false,"pivot":{"x":3.9189465045928957,"y":-138.4190673828125,"z":397.409423828125},"rotation":{"x":0.31265872716903689,"y":0.007123907096683979,"z":-0.0023449850268661978,"w":0.9498361349105835},"size":129.4993438720703,"orthographic":false}