{"cameraMode":{"drawMode":0,"name":"Shaded","section":"Shading Mode"},"sceneLighting":true,"audioPlay":false,"sceneViewState":{"m_AlwaysRefresh":false,"showFog":true,"showSkybox":true,"showFlares":true,"showImageEffects":true,"showParticleSystems":true,"showVisualEffectGraphs":true,"m_FxEnabled":true},"in2DMode":false,"pivot":{"x":0.26001521944999697,"y":1.0040936470031739,"z":-1.041200041770935},"rotation":{"x":0.31265872716903689,"y":0.007123907096683979,"z":-0.0023449850268661978,"w":0.9498361349105835},"size":7.383284568786621,"orthographic":false}