{"cameraMode":{"drawMode":0,"name":"Shaded","section":"Shading Mode"},"sceneLighting":false,"audioPlay":false,"sceneViewState":{"m_AlwaysRefresh":false,"showFog":true,"showSkybox":false,"showFlares":true,"showImageEffects":true,"showParticleSystems":true,"showVisualEffectGraphs":true,"m_FxEnabled":true},"in2DMode":false,"pivot":{"x":0.07605233043432236,"y":1.5499933958053589,"z":-0.9369891881942749},"rotation":{"x":0.7049179077148438,"y":0.009574244730174542,"z":-0.009516955353319645,"w":0.7091602087020874},"size":0.7124955058097839,"orthographic":false}